{"cameraMode":{"drawMode":0,"name":"Shaded","section":"Shading Mode"},"sceneLighting":true,"audioPlay":false,"sceneViewState":{"showFog":true,"showMaterialUpdate":false,"showSkybox":true,"showFlares":true,"showImageEffects":true,"showParticleSystems":true},"in2DMode":false,"pivot":{"x":0.7950201630592346,"y":2.418827772140503,"z":4.211127281188965},"rotation":{"x":-0.01581702195107937,"y":0.9343224763870239,"z":-0.3536171317100525,"w":-0.04178957641124725},"size":1.0,"orthographic":false}