{"cameraMode":{"drawMode":0,"name":"Shaded","section":"Shading Mode"},"sceneLighting":true,"audioPlay":false,"sceneViewState":{"showFog":true,"showMaterialUpdate":false,"showSkybox":true,"showFlares":true,"showImageEffects":true,"showParticleSystems":true},"in2DMode":false,"pivot":{"x":-0.23662149906158448,"y":3.4251348972320558,"z":5.315297603607178},"rotation":{"x":0.008388984948396683,"y":0.9296002388000488,"z":-0.36786359548568728,"w":0.021201040595769883},"size":1.0,"orthographic":false}